[Header],,,,,,,
IEMFileVersion,4,,,,,,
Experiment Name,SeqMatic library,,,,,,
Date,12/15/2014,,,,,,
Workflow,GenerateFASTQ,,,,,,
Application,NextSeq FASTQ Only,,,,,,
Assay,TruSeq LT,,,,,,
Description,,,,,,,
Chemistry,Default,,,,,,
,,,,,,,
[Reads],,,,,,,
76,,,,,,,
76,,,,,,,
,,,,,,,
[Settings],,,,,,,
Adapter,AGATCGGAAGAGCACACGTCTGAACTCCAGTCA,,,,,,
AdapterRead2,AGATCGGAAGAGCGTCGTGTAGGGAAAGAGTGT,,,,,,
,,,,,,,
[Data],,,,,,,
Sample_ID,Sample_Name,Sample_Plate,Sample_Well,I7_Index_ID,index,Sample_Project,Description
S1_NT,S1_NT,,,A001,ATCACG,,
S2_NT,S2_NT,,,A002,CGATGT,,
S3_NT,S3_NT,,,A003,TTAGGC,,
S4_784_10,S4_784_10,,,A023,GAGTGG,,
S5_784_10,S5_784_10,,,A025,ACTGAT,,
S6_784_10,S6_784_10,,,A027,ATTCCT,,
S7_784_100,S7_784_100,,,A007,CAGATC,,
S8_784_100,S8_784_100,,,A008,ACTTGA,,
S9_784_100,S9_784_100,,,A009,GATCAG,,
S10_290_10,S10_290_10,,,A010,TAGCTT,,
S11_290_10,S11_290_10,,,A011,GGCTAC,,
S12_290_10,S12_290_10,,,A012,CTTGTA,,
S13_290_100,S13_290_100,,,A013,AGTCAA,,
S14_290_100,S14_290_100,,,A014,AGTTCC,,
S15_290_100,S15_290_100,,,A015,ATGTCA,,
S16_336_10,S16_336_10,,,A016,CCGTCC,,
S17_336_10,S17_336_10,,,A018,GTCCGC,,
S18_336_10,S18_336_10,,,A019,GTGAAA,,
S19_336_100,S19_336_100,,,A020,GTGGCC,,
S20_336_100,S20_336_100,,,A021,GTTTCG,,
S21_336_100,S21_336_100,,,A022,CGTACG,,
